gene,mrna,codon,pause_score_Ctrl,pause_score_5Ai,Esite,Psite,Asite
METTL6,uc003bzs.2,148,0,119.51612903225806,CCG,CCA,GAG
GRK6,uc063kec.1,502,9.872727272727273,111.91603053435114,CCA,GAC,CTG
HLA-DPA1,uc021ywg.2,118,0,109.14545454545454,CCC,CCT,GAG
STOML2,uc011lou.3,258,3.151515151515152,96.61935483870968,CCT,GGC,GAT
C6orf106,uc003ojr.4,91,5.339285714285714,89.7,CCT,CCG,GAT
REEP4,uc064kxr.1,205,8.842105263157894,87.81818181818181,GGA,CAG,CTA
HGS,uc002kbg.4,159,3.687203791469194,86.44444444444444,CCA,GAC,TGG
LAMC1,uc001gpy.4,73,5.7913669064748206,84.33333333333334,CCG,CCC,GAG
TCEB3,uc001bho.4,596,5.308970099667774,84.31658291457288,GTG,GGA,GGA
PURB,uc003tme.5,194,3.0096153846153846,83.79527559055119,TAC,GGA,GGC
MALSU1,uc003swd.2,116,11.75,80.78125,CCT,CCA,GAA
OXLD1,uc002kba.3,82,16.444444444444443,76.38709677419355,CCA,CCT,GAG
TRUB2,uc004buq.2,219,7.13978494623656,76.32183908045977,CCT,CCG,GAA
MRPL37,uc057gtz.1,77,4.721951219512196,73.41573033707866,CCG,CCC,TGG
USP11,uc064yux.1,179,2.4974093264248705,70.10909090909091,CCC,ATT,GAA
MYO6,uc063prd.1,1224,6.967741935483871,69.51724137931035,CCA,CCC,ATC
THEM6,uc003yww.2,175,7.464285714285714,67.85714285714286,CCC,CCT,GAG
SUN2,uc010gxq.3,673,7.903743315508022,67.5048076923077,TTT,GAC,GAA
ZFP36L2,uc061iql.1,408,17.29824561403509,67.00970873786407,CCG,CCG,GCG
CDK2AP1,uc001ueq.5,43,0,66.78787878787878,TAC,GGG,CCA
KPNA3,uc001vdj.2,235,3.2222222222222223,66.56375838926175,CCG,CCG,CCT
SAMD1,uc060ulq.1,428,7.5964912280701755,64.95,CCC,GAT,GGC
PES1,uc003aik.3,432,0,64.88888888888889,CCA,CCT,GAG
DARS2,uc001gjh.3,623,2.5891783567134268,64.03498542274052,CCT,CCT,GAG
MEA1,uc003otk.4,111,3.444444444444444,63.16981132075471,CCA,CCA,TTA
GSR,uc003xih.3,422,6.0462427745664735,62.17482517482517,ATT,GGG,ACA
NT5DC2,uc003den.4,82,4.325581395348838,61.43119266055046,CCC,CCC,GAG
GSK3A,uc002otb.2,374,0,58.666666666666664,CCG,CCA,GAG
RRP36,uc003otp.2,82,0,57.322834645669296,CCA,CCT,ATC
CNOT11,uc002taw.5,276,13.447368421052632,56.77777777777778,CCT,ATT,GAA
ULBP3,uc003qns.4,154,7.656249999999999,56.53846153846154,GAC,TCA,AAC
APP,uc011ach.3,429,1.4864864864864864,55.47413793103448,CCT,CCT,CGG
FOXC1,uc003mtp.4,157,2.6132075471698113,54.87735849056604,CCG,GAC,TCC
DCTN1,uc002skx.3,550,3.8293413173652695,53.85263157894737,CCT,CCA,GAG
SPTLC1,uc004arl.3,72,4.27027027027027,53.088,CCT,CCT,GTC
SPTAN1,uc064wfe.1,1904,5.013039117352056,53.009090909090915,TAT,GGC,GAC
RAB1B,uc058duv.1,116,6.666666666666667,52.83783783783784,TTC,TTG,GAG
MARCH7,uc010zcn.3,434,2.6065573770491803,52.66242038216561,CCT,CCA,GCA
ZFP36L2,uc061iql.1,271,0,52.6504854368932,CCC,CCG,GGC
PABPN1,uc001wjj.4,110,3.4736842105263155,52.2887323943662,CCG,GGG,GAC
ATXN2L,uc002dqy.5,611,1.8963730569948185,52.167420814479634,CCA,CCC,CTG
MYBL2,uc002xlb.3,284,0,51.925925925925924,CCA,CCA,GAA
ALDH9A1,uc001gdh.2,227,5.61081081081081,51.25925925925926,CCT,CCT,GGG
CLSTN1,uc001aqh.4,58,0,51.01298701298701,CCC,CCA,CTG
ACSL4,uc004eoi.3,557,5.983193277310924,50.85714285714286,ATT,GGA,GAA
BAZ1A,uc001wsk.4,309,6.740259740259741,50.6715976331361,AGA,GAT,AAA
EXOSC9,uc003idz.4,93,0,50.24607329842932,CCT,GGC,AGG
ACTL6A,uc003fjw.4,220,2.2051282051282053,49.935483870967744,CCT,CCA,TAT
COPA,uc001fvv.5,899,0,49.858585858585855,CCT,CCT,GAG
CETN2,uc004fgq.4,116,4.379746835443038,49.67326732673268,GAT,GAT,GAA
FAM98B,uc001zkc.4,320,3.1,49.31818181818181,CCT,CCA,GAA
ALDH5A1,uc063mdx.1,329,5.491891891891892,49.01754385964913,TTT,GTA,AAA
AMOTL1,uc001pfb.4,311,6.422818791946309,48.86808510638298,CCA,CCT,GAG
PEX19,uc001fvs.3,212,0,48.275862068965516,CCT,CCA,GAG
HSPA14,uc001inf.5,363,8.225806451612904,47.8125,CCT,CCT,GAT
KCTD5,uc059pos.1,85,0,47.5,AAG,GAT,GAA
ADSS,uc001iaj.4,287,1.9282700421940926,47.005714285714284,CCA,CCT,CAA
BMS1,uc001jaj.4,82,2.6290983606557377,46.27213114754099,CCA,CCA,ATA
LARP4B,uc057ree.1,374,3.053719008264463,46.1875,CCA,CCC,TTG
CHD4,uc001qpp.4,1637,5.368421052631579,45.9864406779661,CCC,CCT,GAG
KDM1A,uc001bgj.3,160,0,45.55844155844156,CCA,CCT,GAG
KPNA3,uc001vdj.2,106,0,45.54362416107382,CCA,CCG,ATT
PRMT5,uc001whm.2,327,4.156351791530945,45.21259842519685,GTG,TTT,GAA
GLRX3,uc001lkm.3,74,2.720647773279352,44.95774647887324,GTT,CCT,GAA
PEX3,uc003qjl.4,148,0,44.71739130434783,GTT,GGC,AAA
ENAH,uc057pwu.2,550,0,44.611111111111114,CCA,CCA,CTC
RNGTT,uc003pms.4,188,9.05511811023622,44.54225352112676,CCT,CTA,TTG
CORO7,uc010uxh.3,254,7.598326359832636,44.292682926829265,GAC,TCT,GGG
PXMP2,uc001ukt.3,100,0,44.099999999999994,CCT,CCT,GAG
SRSF6,uc061xcu.1,40,0,43.71428571428572,TTC,GTG,GAG
RRN3,uc002dde.4,82,8.35897435897436,43.46666666666667,CCA,GAC,ATA
SNW1,uc010tvn.2,42,4.707818930041152,43.333333333333336,CCT,CCC,CCG
MRPS22,uc062ohy.1,237,5.9016393442622945,43.199999999999996,CCA,GAT,TCC
NDUFS1,uc010ziq.3,701,2.8106060606060606,43.139534883720934,CCA,CCT,CAG
DCAF13,uc003yln.4,321,3.322222222222222,42.714285714285715,GAA,GCT,GTT
YIPF4,uc002rok.4,71,5.384615384615384,42.5206611570248,GAT,CCT,GAA
MRPL21,uc058eov.1,60,0,42.46875,CCA,CCT,TGG
HOXB7,uc002inv.4,161,3.6333333333333333,41.92307692307692,CGC,TAC,CTG
ZFR,uc003jhr.2,891,2.184959349593496,41.80555555555556,CCA,CCG,GAC
NUP205,uc003vsw.4,1840,6.567699836867863,41.744239631336406,AAG,CTA,CAA
PI4KA,uc002zsz.5,1647,2.819034852546917,41.72619047619048,CCT,CCG,GAC
SPA17,uc001qap.4,80,2.375,41.72549019607843,CCA,CCT,GAG
MFN2,uc001atn.5,588,0,41.64835164835165,CCC,CCA,CTG
ACADM,uc010ore.4,128,3.509090909090909,41.35714285714286,CCT,GGA,GCA
PTPN11,uc284ngq.1,436,4.054237288135593,41.33640552995392,GAC,CCT,GGG
AIFM1,uc004evh.4,204,0,41.256038647343,CCA,CCT,TCT
PPP6R1,uc061cyp.1,417,0,40.91752577319588,CCT,CCT,GAC
TMEM109,uc001nqg.4,43,2.9397590361445785,40.66666666666667,CCA,GGC,CAA
GPSM1,uc004chd.2,179,0,40.47904191616766,CCG,CCC,GAT
PRKDC,uc033bki.2,1227,1.5273947074170704,40.22286374133949,GGG,GGT,GGC
VPS72,uc031pot.2,64,0,40.15533980582524,ATT,GAT,GAA
WDR3,uc010oxe.2,237,0,40.075471698113205,AAA,ATC,AAA
CD276,uc002avu.2,275,0,39.925233644859816,CCT,GGC,TTC
EIF4G1,uc062quz.1,79,2.806030150753769,39.825825825825824,CCG,GGG,TCT
TMPO,uc001tfh.3,63,3.657894736842105,39.78114478114478,CCC,CCG,GAC
PPME1,uc009yty.5,374,7.638095238095238,39.60493827160494,GTA,GCT,GAA
IARS2,uc001hmc.4,910,0,39.5703125,CCT,GGA,CTG
HUWE1,uc064zlc.1,3078,3.087694483734088,39.55605889014723,CCA,CCT,GAC
HUWE1,uc064zlc.1,3829,6.175388967468176,39.55605889014723,AAG,GAA,GAA
DDX20,uc001ebs.4,636,4.558011049723757,39.52095808383233,GTT,ATT,GAA
COA7,uc001cui.3,36,0,39.39622641509434,GAC,GGT,TGC
FUBP3,uc004bzr.2,396,0,39.24657534246575,CCT,CCC,AAC
SUN2,uc010gxq.3,82,3.951871657754011,39.08173076923077,CCA,CCC,AGG
HLTF,uc003ewq.2,45,4.786729857819905,39.012875536480685,CCT,CCA,GAT
IRGQ,uc002oww.3,204,8.103896103896103,39,ACC,GGC,GGC
MAP4,uc062jfh.1,2095,8.207142857142857,38.94915254237288,CCT,GGA,GGA
LDOC1L,uc003beu.2,130,9.6,38.82352941176471,CGC,TTC,CCG
TTK,uc003pjb.5,59,7.452173913043477,38.565,ATG,GCA,AAC
POLE,uc058vkm.1,1455,3.7541528239202657,38.46808510638298,CCA,GGG,AGT
BCOR,uc064yox.1,311,3.3225806451612905,38.32558139534884,CCA,CCT,CTG
DXO,uc003nyp.2,89,5.12258064516129,38.265060240963855,TAC,CCG,GAT
CLSTN1,uc001aqh.4,59,0,38.25974025974026,CCA,CTG,ATC
SEC61A1,uc062nnh.1,354,0,38.22302158273381,CCT,CCA,GAA
SAFB2,uc002mcd.4,178,0,38.160000000000004,CCC,CCA,GAG
GRAMD1A,uc002nxi.2,661,0,38.14592274678112,CCT,GAC,CCC
NDUFV1,uc010rpv.2,127,0,38.13333333333333,CCC,CCC,TTC
ZNF226,uc002oyp.4,59,4.872727272727272,38.12068965517241,CCT,ATA,GAA
ACBD3,uc001hpy.4,38,1.7175324675324675,38.05755395683453,CCA,CCG,CTG
CDC25A,uc003csi.2,138,5.329670329670329,37.95652173913044,CCA,GAT,GAG
PIGK,uc009wbx.4,273,4.081081081081081,37.75,CCT,CCT,GGG
FAF1,uc057gkb.1,369,3.974358974358975,37.57575757575758,CCT,CCT,GAG
MKNK2,uc002lus.3,310,9.608247422680414,37.44642857142857,GAG,GCC,TGC
WDR43,uc002rmo.3,223,5.65,37.43558282208589,CCT,AAT,GAG
PSPC1,uc021rgx.2,53,0,37.25118483412322,CCT,CCA,GAG
YTHDC1,uc062xaj.1,495,3.5047619047619047,37.17171717171718,CCC,GAT,GAA
YTHDC1,uc062xaj.1,612,0,37.17171717171718,CCA,CCT,TGG
NOL11,uc002jgd.2,315,5.877551020408163,37.16129032258064,TAT,GGA,GAA
HGS,uc002kbg.4,235,0,37.04761904761905,CCC,CCC,GAG
HGS,uc002kbg.4,160,7.374407582938388,37.047619047619044,GAC,TGG,GTG
CTSD,uc001luc.2,242,0,36.985074626865675,CCT,GGG,GGT
SVIP,uc001mqp.5,68,13,36.94736842105263,CCA,CCA,GAA
MTA2,uc001ntq.3,184,9.625899280575538,36.825688073394495,AAC,CCT,CTC
SMOC1,uc001xlt.3,397,6.8125,36.71578947368421,AAG,CCC,AAG
MAGED1,uc004dpn.5,782,3.26171875,36.40326975476839,GAT,CCC,TGG
MOB1B,uc011cba.3,176,6.3428571428571425,36.244897959183675,GTG,ATC,CAG
SQSTM1,uc063kre.1,297,2.493421052631579,36.19662921348314,CCG,GGT,GGG
CHD4,uc001qpp.4,1584,0,36.13220338983051,CCA,CCT,GCT
TMEM160,uc002pfz.4,187,0,35.8448275862069,CCA,CCC,GAG
CTC-260F20.3,uc021uqw.2,98,1.8266666666666667,35.620000000000005,ATC,ATG,AAG
XRN2,uc002wsf.2,874,3.5819209039548023,35.55140186915888,CCT,CCC,CTT
TRIM11,uc001hst.2,84,3.6415094339622645,35.44897959183673,CCG,CCG,TCG
STARD7,uc002svm.6,121,0,35.333333333333336,CAC,CCT,CCA
PUF60,uc003yzs.5,180,6.511627906976744,35.24475524475525,GTC,CCC,GAA
CASC3,uc002hue.4,252,6.579439252336449,35.2,GAT,GAC,ATC
WDR1,uc062vdx.1,315,0,34.915887850467286,CAC,CCC,GGC
PSRC1,uc001dxj.4,298,12.133333333333333,34.90410958904109,GTG,CCA,CCT
COLGALT1,uc002nhc.2,620,0,34.888,CGG,GAT,GAA
NABP2,uc001skk.4,66,6.625,34.690909090909095,GGG,GAC,ATT
NDUFV1,uc010rpv.2,128,0,34.66666666666667,CCC,TTC,CCC
HUWE1,uc064zlc.1,2280,3.087694483734088,34.61155152887882,AGC,AAC,CAG
PEPD,uc010xrs.3,340,7.747747747747748,34.59770114942529,CTG,CAG,CCA
NSUN5,uc011kev.4,322,4.243243243243243,34.56880733944954,CCC,GGG,GCA
SPTBN1,uc002rxx.3,1396,5.252131546894032,34.535469107551485,TAT,GGC,AAA
SMPD4,uc002tqq.3,108,6.305454545454546,34.48295454545455,CTC,CGC,TGC
ANLN,uc003tfg.5,991,5.978021978021978,34.46153846153847,AAT,CCC,ATA
BSDC1,uc001bvi.4,157,5.21978021978022,34.27835051546391,CCC,CCG,GAA
BSDC1,uc001bvi.4,420,2.60989010989011,34.27835051546391,GAC,ATG,ACT
DPCD,uc057vnp.1,70,2.5909090909090913,34.2,GGA,GAC,CCA
LSM14A,uc002nva.5,81,1.099526066350711,34.14046822742475,CCA,CCA,AAA
MAP4,uc062jfh.1,595,0,34.08050847457627,CCA,CCA,CTC
UBTF,uc060fxx.1,264,1.9787798408488064,34.06392694063928,CCA,CCT,CCG
POLA1,uc064yjz.1,578,0,34,CCC,TTT,CAG
POLA1,uc064yjz.1,579,3.898666666666667,34,TTT,CAG,TCA
SYP,uc004dmz.2,279,0,33.945945945945944,TAT,GGT,CAA
PPP1CA,uc001oku.2,94,0,33.86138613861386,CCT,CCC,GAG
ACAT2,uc010kjy.4,214,5.236842105263158,33.79245283018868,CTT,ATT,GAA
RPAIN,uc010vsz.2,119,2.5494505494505497,33.74545454545454,TTT,GAT,GAA
INCENP,uc001nsw.2,249,5.236467236467236,33.72477064220184,GTC,GGG,ACG
RP11-512M8.5,uc058uli.1,501,9.135593220338983,33.6875,CCG,GGA,GAA
ATF7IP,uc001rbv.3,137,3.371951219512195,33.66086956521739,CCT,GGT,GAT
GNL2,uc001cbk.4,463,4.033057851239669,33.57798165137615,CCA,CCC,AAT
PUS7,uc003vcy.5,62,2.890829694323144,33.33812949640288,CCT,CCT,GAC
MKNK2,uc002lus.3,115,9.608247422680414,33.285714285714285,ATC,ATT,GAG
C1orf52,uc001dkv.4,108,0,33.27272727272727,CCT,CCT,GAG
MALSU1,uc003swd.2,115,11.75,33.046875,GTT,CCT,CCA
ODF2,uc004bvd.5,455,3.4297520661157024,33.01136363636363,GAA,AAG,GGA
NCBP3,uc010ckl.3,460,0,33,CCA,CCT,GAG
CDCA7,uc002uic.2,401,1.7213740458015268,32.938202247191015,CCG,CCT,TGT
FAF1,uc057gkb.1,370,7.94871794871795,32.878787878787875,CCT,GAG,CCA
CHD4,uc001qpp.4,251,5.368421052631579,32.847457627118644,GTG,GAG,GTG
NBPF9,uc031uvu.2,235,3.8359375000000004,32.84280936454849,GAC,GAA,GTC
SRRT,uc064gix.1,216,6.4935064935064934,32.60869565217391,CCT,GAG,GAG
SHKBP1,uc060ytu.1,246,7.616438356164384,32.55855855855856,CCA,GAC,CTC
ID4,uc063mci.1,122,6.808510638297872,32.54237288135593,CCG,CCA,CAC
KLHL9,uc003zoy.4,597,0,32.526315789473685,CCA,CCT,GAA
FKBP10,uc002hxv.3,136,5.025862068965517,32.5092936802974,CCA,CCG,GAT
NUP205,uc003vsw.4,488,6.567699836867863,32.46774193548387,CCC,CCT,CAA
NUP205,uc003vsw.4,1839,6.567699836867863,32.46774193548387,AGC,AAG,CTA
NUP205,uc003vsw.4,1848,3.2838499184339316,32.46774193548387,CCC,CCA,GAT
RBM28,uc031szb.2,70,5.6716417910447765,32.4390243902439,GAA,GGT,TGC
ATAD3B,uc001afv.4,245,3.397905759162304,32.303167420814475,CGG,GAC,AAA
POLDIP3,uc062ewb.1,61,6.305084745762712,32.24,ATT,GGC,CTC
PRDX4,uc064yik.1,88,2.710144927536232,32.140625,TAC,TGG,GAA
SMOC1,uc001xlt.3,144,0,32.126315789473686,GGG,AAG,CCC
DDOST,uc001bdo.1,134,4.17351598173516,31.94086021505376,GAC,ATT,GGT
MRPS11,uc002bmm.4,48,7.534883720930233,31.90909090909091,CAG,AAA,GTT
POLE3,uc004bhn.4,111,0,31.714285714285715,AAA,GAC,AAA
CAPN2,uc001hob.5,222,0,31.65806451612903,CCT,CCC,AAC
IARS2,uc001hmc.4,368,0,31.65625,CCA,TTA,ATT
CDH2,uc010xbn.2,350,4.893854748603352,31.608247422680414,CCA,GAG,TTT
APEH,uc010hkw.2,472,4.92,31.572192513368986,CCC,CCA,GAG
SMARCC1,uc003crq.3,259,2.2851239669421486,31.51813471502591,ATT,CCA,GAA
FUBP3,uc004bzr.2,295,0,31.397260273972602,GGG,ATT,AGT
KDM1A,uc001bgj.3,666,2.512893982808023,31.32142857142857,CCA,CCT,CTC
BPTF,uc002jgf.4,1933,2.932730923694779,31.216793893129772,ACT,ACT,TCC
COPA,uc001fvv.5,340,4.737044145873321,31.16161616161616,CGA,TTC,TTA
COPA,uc001fvv.5,807,0,31.16161616161616,CCA,CCT,GCA
SURF6,uc004cdb.6,196,2.585714285714286,31.13978494623656,CCG,CCC,GGG
PPIH,uc001chq.4,57,3.869565217391304,30.956521739130434,GTT,CCA,ATA
MLLT4,uc063sxn.1,890,2.3042876901798066,30.92343387470998,CCT,GAT,GAG
TPP2,uc058ybz.1,657,5.651006711409396,30.804878048780484,CCT,GGT,CAA
PRRC2C,uc010pmg.3,2613,1.498139287612972,30.769790718835303,CCC,CCA,TTA
PRKDC,uc033bki.2,1229,1.5273947074170704,30.758660508083143,GGC,TGT,GGC
C4orf27,uc003isl.5,137,7.081632653061225,30.746835443037977,CCT,GAT,GAA
NT5DC2,uc003den.4,83,4.325581395348838,30.71559633027523,CCC,GAG,GTC
COA7,uc001cui.3,35,9.872340425531915,30.641509433962263,CCG,GAC,GGT
COA7,uc001cui.3,41,0,30.641509433962263,CTG,GTG,GAC
COPB1,uc001mlh.3,541,2.687323943661972,30.633027522935784,CCT,CCC,TTG
MYBBP1A,uc002fxz.5,647,3.311801242236025,30.60459183673469,CCG,TGG,GTA
WTAP,uc003qsl.6,374,2.561290322580645,30.53846153846154,AAT,CGA,ACT
EPT1,uc061hhm.1,81,0,30.53846153846154,CCA,GGT,CAC
VPS33A,uc001ucd.4,540,8.844444444444445,30.503649635036496,CCG,GGA,GAA
IRGQ,uc002oww.3,437,0,30.33333333333333,CCT,GGC,GGA
SNX1,uc010uio.3,212,4.982142857142857,30.27906976744186,CCC,CCG,GAG
ZNF146,uc002odq.5,41,3.756410256410256,30.16176470588235,AGA,GAG,AAA
C1orf43,uc057lgm.1,143,7.2615384615384615,30.03636363636364,GGC,TAT,GAA
PIP5K1A,uc001exk.4,280,3.3851351351351355,29.97435897435897,GAT,GGT,CTT
PSRC1,uc001dxj.4,299,12.133333333333333,29.91780821917808,CCA,CCT,GGC
PSRC1,uc001dxj.4,305,12.133333333333333,29.91780821917808,CTA,CCT,CCG
ATAD2,uc003yqh.5,965,5.575150300601202,29.913978494623656,CCA,CCT,GAG
MRPL37,uc057gtz.1,45,2.360975609756098,29.91011235955056,CCT,CCC,CTG
GALNT7,uc003isz.4,66,0,29.909090909090907,AGA,TTC,AAA
COLGALT1,uc002nhc.2,113,8.534246575342465,29.904,TAC,CAT,TCC
COPB2,uc003etf.5,697,2.3078880407124682,29.9010989010989,TAT,GGG,GGC
RAB24,uc003mfw.5,138,8.680851063829788,29.853658536585364,CAC,GAC,GTC
MYO6,uc063prd.1,1225,0,29.79310344827586,CCC,ATC,CTA
CCAR1,uc001joo.5,430,2.5296703296703296,29.703225806451613,TTA,GAA,AAA
DNM1,uc064wcl.1,154,0,29.69957081545065,GAG,TTC,CAG
CUL1,uc003wey.4,583,6,29.69426751592357,TTA,TAT,CAG
HUWE1,uc064zlc.1,171,0,29.66704416761042,TGG,GGT,GGA
HUWE1,uc064zlc.1,207,0,29.66704416761042,CCT,GGG,GCC
HUWE1,uc064zlc.1,2400,6.175388967468176,29.66704416761042,GAC,CCT,GAG
TERF2IP,uc002fet.3,60,2.7777777777777777,29.629629629629633,CCC,GGG,GCC
SARS,uc057ixz.1,484,1.5934718100890208,29.598425196850393,CCG,CCA,GGA
KAT2A,uc002hyx.3,810,0,29.576470588235296,CCC,CCG,GAC
RAB13,uc001fdt.3,184,7.157894736842105,29.565217391304348,AAG,CCT,CCC
DLGAP5,uc001xbs.4,844,7.117647058823529,29.546511627906973,CCA,GGA,GAA
PDCD2L,uc002nvj.4,235,6.243478260869566,29.50684931506849,GGT,GAT,GAA
MTHFS,uc284nrl.1,145,2.7411764705882353,29.493670886075947,GGT,GAG,GGT
RPN2,uc002xgq.4,276,3.3387533875338753,29.47368421052631,CTA,GAA,CAT
ECH1,uc002oji.4,201,2.6639676113360324,29.462686567164184,GTG,GGT,TTG
MARCH6,uc011cmv.3,182,4.783382789317507,29.416058394160586,TTT,CTG,GAA
PXMP2,uc001ukt.3,101,8.521739130434781,29.4,CCT,GAG,GTC
MPRIP,uc060buw.1,386,4.604904632152588,29.391304347826086,GGG,GAG,CTG
BDP1,uc003kbp.2,357,6.062355658198614,29.220779220779217,TTC,CAG,GAA
MAP4,uc062jfh.1,555,8.207142857142857,29.21186440677966,CCT,CCA,GAA
TMEM101,uc002ieu.4,52,8.190476190476192,29.20754716981132,CCA,GTG,CCT
CXorf56,uc011mtu.3,149,0,29.162790697674424,ATT,GAT,GAA
ATP2A2,uc001tql.5,926,0,29.108333333333334,CCC,CCC,TGG
NIN,uc001wyi.3,1686,5.952580195258019,29.1,AAA,ATG,AAA
FH,uc001hyx.4,39,2.555,29.081300813008127,CCT,CCG,AAC
NAA38,uc002gja.3,153,0,29,GTA,CCC,GGA
AAMP,uc002vhk.4,40,0,29,GAC,CCA,GAT
BROX,uc010puu.2,268,3.2285714285714286,28.9390243902439,TGC,GGT,GAA
YME1L1,uc001iti.4,227,0,28.93457943925234,GCT,GAA,ACA
GCLM,uc031pnc.1,176,6.571428571428571,28.91428571428571,CCA,CCA,GAT
ANAPC5,uc001uag.4,408,3.4054054054054053,28.89171974522293,CTC,CTG,CAC
RP11-512M8.5,uc058uli.1,232,0,28.875,CCT,AAG,AAA
INO80E,uc059sxr.1,130,2.739130434782609,28.875,TAC,CTG,AGC
POLE,uc058vkm.1,463,3.7541528239202657,28.851063829787233,CCC,GAC,GAG
HGS,uc002kbg.4,353,3.687203791469194,28.814814814814817,GTG,CCC,CTG
THRAP3,uc001cae.5,225,1.0900798175598632,28.7646017699115,CCA,GAT,GCC
EIF4G3,uc009vpz.4,649,2.7610993657505287,28.703296703296704,TGC,CTG,TGT
CDK9,uc004bse.3,190,6.26890756302521,28.692307692307693,GTG,GTG,ACA
SMARCC1,uc003crq.3,776,2.2851239669421486,28.652849740932645,GGA,GCT,GAA
ARG2,uc001xjs.4,344,2.3986486486486487,28.62903225806452,CCA,GAT,GAA
DNAJC12,uc057tpf.1,153,0,28.625000000000004,ACC,AAG,ATG
PLRG1,uc003inz.4,185,5.216494845360825,28.507042253521128,CCG,TGG,AAA
DCAF13,uc003yln.4,296,3.322222222222222,28.476190476190478,TAT,GGA,GAC
MRPS18A,uc003ovz.3,64,2.5098039215686274,28.444444444444443,CCT,CCT,AAC
PRKDC,uc033bki.2,3965,1.5273947074170704,28.392609699769054,CCT,GGC,CTG
PRKDC,uc033bki.2,3025,3.054789414834141,28.39260969976905,CCC,CCA,GAC
HAUS1,uc002lbu.3,255,0,28.3728813559322,AAA,ATT,GAA
RNGTT,uc003pms.4,187,9.05511811023622,28.34507042253521,CCA,CCT,CTA
CDV3,uc003epq.4,187,7.61764705882353,28.328125,CCA,CCA,GAA
ODF2,uc004bvd.5,653,6.859504132231405,28.295454545454547,CAT,CAG,GCT
UPF1,uc002nkg.4,399,0,28.25,TAT,GGC,GAT
HDGF,uc009wse.4,221,2.6910994764397906,28.24175824175824,CCC,GGC,TCT
PTRHD1,uc002rfm.4,87,0,28.200000000000003,CCA,GAT,GAG
NUP58,uc001uqj.4,578,6.25531914893617,28.19178082191781,AAA,CCT,CCA
MAGED2,uc064zmn.1,221,4.366906474820144,28.172995780590718,GGT,CCC,ATA
PLD3,uc002onj.5,473,4.143459915611814,28.172131147540984,TAC,AGC,CAT
DVL1,uc001aer.5,646,5.991071428571428,28.153846153846153,CCC,CCG,GAA
RPRML,uc002ilb.3,58,5.761904761904762,28.139534883720934,CCC,GAC,GAG
CITED2,uc021zfz.2,248,2.4,28.111111111111107,GAG,CTG,CCC
RAE1,uc010git.2,248,3.5901639344262297,28.049261083743843,CCC,CCG,AAC
UBE2K,uc003guu.5,114,4.785714285714286,28.008196721311474,TTG,CAA,GCA
MRPS5,uc061lsr.1,207,0,28,CCT,GAC,CCT
C8orf33,uc003zfc.5,64,3.194444444444444,27.878787878787875,GAA,GGC,GGC
FAM184A,uc003pyk.6,371,6.612244897959183,27.771428571428572,CAC,CAT,ATG
SAFB2,uc002mcd.4,179,0,27.752727272727274,CCA,GAG,CAT
GRAMD1A,uc002nxi.2,756,1.8878504672897196,27.74248927038627,CAA,TTC,CAC
TFAP2A,uc003myt.4,164,0,27.70212765957447,ATT,AAC,ATC
BAZ1A,uc001wsk.4,772,6.740259740259741,27.63905325443787,ACT,GCT,GAT
SMC2,uc004bbw.4,254,5.6912114014251785,27.585526315789473,TTA,AAA,GAA
ITGB1,uc001iws.5,720,3.3291666666666666,27.551724137931036,GAG,AAT,CCA
SPIN1,uc004apy.4,206,7.969696969696971,27.523255813953487,GAA,CCA,GGA
TCOF1,uc063iqw.1,1242,2.440983606557377,27.501319261213723,CCA,GAT,GGC
RP13-1032I1.10,uc010wut.4,122,0,27.442477876106196,ATC,CCC,ATA
PAGR1,uc002dug.5,88,7.183098591549295,27.32142857142857,TGG,TGC,GTG
UBE2Z,uc002ioi.4,227,6.635514018691589,27.307692307692307,CCC,GGC,TTT
PPP6R1,uc061cyp.1,335,0,27.278350515463917,CCT,CCC,AAG
PTCD3,uc002sqw.2,542,0,27.23684210526316,CCA,CCA,GAG
RIOK3,uc010dls.4,511,0,27.210526315789473,CCA,CCA,CTA
SLC38A1,uc001rpb.5,59,3.562043795620438,27.111111111111114,TTG,GAA,AAA
GATA6,uc002ktt.2,478,0,27.09090909090909,GTG,CCC,AGA
HOXC9,uc001seq.4,139,0,27,TAC,CCG,GAC
AP3M1,uc001jwg.4,253,2.694533762057878,26.935714285714283,CCT,CCA,GAT
DCTN1,uc002skx.3,540,3.8293413173652695,26.926315789473684,GAA,GCA,TCT
UCHL5,uc057obj.1,204,4.944444444444445,26.92436974789916,GTC,ATA,GAA
MCM5,uc003anu.5,607,2.9817444219066935,26.923076923076923,ATC,CCC,ATC
ZBTB33,uc004esn.2,453,7.010416666666667,26.919999999999998,CCT,GAT,GAA
ZFR,uc003jhr.2,119,4.369918699186992,26.875,TAT,GGT,TAT
ZFR,uc003jhr.2,847,4.369918699186992,26.875,GTA,TCT,GAA
WBP11,uc001rci.4,420,3.4609164420485174,26.85171102661597,CCA,CCA,TTA
BPTF,uc002jgf.4,2724,5.865461847389558,26.757251908396945,TCC,AAG,AAA
EPT1,uc061hhm.1,69,8.357894736842105,26.721153846153847,ATG,GCA,TAC
EPT1,uc061hhm.1,86,4.178947368421053,26.721153846153847,GTG,CCT,GAC
TRUB2,uc004buq.2,222,0,26.712643678160923,TTC,CTC,TTA
AP1M1,uc002ndv.3,270,1.5460992907801419,26.693877551020407,CCA,CCC,GAC
G6PC3,uc002iex.4,300,0,26.692307692307693,TGG,CTG,GGC
NMD3,uc003fec.4,220,2.7894736842105265,26.690647482014388,AGA,TAC,AAA
WDR12,uc002uzl.4,222,1.6307692307692307,26.666666666666668,ACA,GAT,GAA
MRPL46,uc002bmj.3,171,0,26.666666666666664,GTT,TGG,ATA
NUDT3,uc003ojl.4,55,4.675675675675675,26.615384615384617,GAG,CCC,GAG
